url,name,address,city,state,phone
http://www.newmangarrett.com/,Results,"îƒˆ2871 Edison St NW, Uniontown, OH 44685",Uniontown,OH,î‚°(330) 699-6800
http://www.taxesmadesimple.com/,Results,"îƒˆ3056 Raymond St NW, Uniontown, OH 44685",Uniontown,OH,î‚°(330) 494-9659
http://www.mjmillerco.com/,Results,"îƒˆ700 Prospect Ave S, Hartville, OH 44632",Hartville,OH,î‚°(330) 877-9433
http://www.spa-cpas.com/,Results,"îƒˆ3465 S Arlington Rd A, Akron, OH 44312",Akron,OH,î‚°(330) 899-1571
https://mayolocpa.com/,Results,"îƒˆ795 Morgantown Rd, Uniontown, PA 15401",Uniontown,PA,î‚°(724) 439-3455
https://www.yourbusinessadvisors.cpa/,Results,"îƒˆ795 Morgantown Rd, Uniontown, PA 15401",Uniontown,PA,î‚°(724) 439-3455
https://assetbookkeepingtax.com/,Results,"îƒˆ2152 Ritz Manor Dr, Uniontown, OH 44685",Uniontown,OH,
http://daltoncpallc.com/,Results,"îƒˆ3318 Manchester Rd, Akron, OH 44319",Akron,OH,î‚°(234) 334-0073
http://theaccountingedge.org/,Results,"îƒˆ9717 Cleveland Ave NW, Greentown, OH 44630",Greentown,OH,î‚°(330) 966-6644
http://www.chiarappacpas.com/,Results,"îƒˆ1777 Commerce Dr, Stow, OH 44224",Stow,OH,î‚°(330) 655-5700
http://www.summitifp.com/,Results,"îƒˆ2853 Crows Nest Cir, Uniontown, OH 44685",Uniontown,OH,î‚°(330) 256-4283
https://www.krbookkeepingsolutionsllc.com/,Results,,Uniontown,OH,î‚°(330) 612-2874
https://alineacpa.com/contact-2/,Results,"îƒˆ216 N Barron St, Eaton, OH 45320",Eaton,OH,î‚°(937) 456-1145
http://www.bodineandcompany.com/,Results,"îƒˆ8544 Hickory Hill Dr, Poland, OH 44514",Poland,OH,î‚°(330) 333-4000
http://www.masoncpas.com/,Results,"îƒˆ7264 Columbia Rd #100, Maineville, OH 45039",Maineville,OH,î‚°(513) 336-8588
http://muhlcpa.com/,Results,"îƒˆ215 N Main St, Celina, OH 45822",Celina,OH,î‚°(419) 586-6405
https://abacustaxservice.net/,Results,"îƒˆ234 S Main St, Monroe, OH 45050",Monroe,OH,î‚°(513) 539-9784
https://alineacpa.com/,Results,"îƒˆ4218 Bridgetown Rd, Cincinnati, OH 45211",Cincinnati,OH,î‚°(513) 574-3300
http://thereliantgrp.com/,Results,"îƒˆ1208 Sunset St, Middletown, OH 45042",Middletown,OH,î‚°(513) 424-6035
http://www.frogtownfinancial.com/,Results,"îƒˆ4312 Monroe St, Toledo, OH 43606",Toledo,OH,î‚°(567) 393-3764
https://www.aplingcpa.com/,Results,"îƒˆ2155 Oak Harbor Rd, Fremont, OH 43420",Fremont,OH,î‚°(419) 355-8200
http://nenni.com/,Results,"îƒˆ1064 N University Blvd, Middletown, OH 45042",Middletown,OH,î‚°(513) 424-1939
http://www.mackaccountinginc.com/,Results,"îƒˆ304 S Breiel Blvd, Middletown, OH 45044",Middletown,OH,î‚°(513) 422-4838
http://www.heathbizsolutions.com/,Results,,Uniontown,OH,î‚°(330) 687-8169
http://www.warnickcpa.com/,Results,"îƒˆ30 Munroe Falls Ave, Munroe Falls, OH 44262",Munroe Falls,OH,î‚°(330) 929-5110
http://woodacctservices.com/,Results,"îƒˆ654B Morgantown Rd, Uniontown, PA 15401",Uniontown,PA,î‚°(724) 437-9930
http://www.wmerbcpa.com/,Results,"îƒˆ628 W Maple St, Hartville, OH 44632",Hartville,OH,î‚°(330) 877-1589
https://mcclurewolfcpas.com/,Results,"îƒˆ538 Morgantown St, Uniontown, PA 15401",Uniontown,PA,î‚°(724) 437-2000
http://www.slcccpa.com/,Results,"îƒˆ670 Cherry Tree Ln, Uniontown, PA 15401",Uniontown,PA,î‚°(724) 438-7088
http://www.wbkania.com/,Results,"îƒˆ71 N Mt Vernon Ave, Uniontown, PA 15401",Uniontown,PA,î‚°(724) 437-2731
https://summittax.net/,Results,"îƒˆ611 W Turkeyfoot Lake Rd B, Akron, OH 44319",Akron,OH,î‚°(330) 644-8181
http://jritchiecpa.com/,Results,"îƒˆ220 Portage St, Doylestown, OH 44230",Doylestown,OH,î‚°(330) 991-4010
http://www.schultecpa.com/,Results,"îƒˆ600 S Cleveland Massillon Rd, Fairlawn, OH 44333",Fairlawn,OH,î‚°(330) 670-0600
http://www.mcclurewolfcpas.com/,Results,"îƒˆ538 Morgantown St, Uniontown, PA 15401",Uniontown,PA,î‚°(724) 437-2000 ext. 122
http://www.fsccpa.com/,Results,"îƒˆ570 E Main St, Uniontown, PA 15401",Uniontown,PA,î‚°(724) 438-6700
https://www.cbiz.com/locations/uniontown-ohio?utm_source=google-business&utm_medium=organic&utm_campaign=offices&utm_content=uniontown-ohio,Results,"îƒˆ13680 Cleveland Ave NW, Uniontown, OH 44685",Uniontown,OH,î‚°(330) 644-2044
https://www.aghattorneys.com/bobmcnamara,Results,"îƒˆ12370 Cleveland Ave NW, Uniontown, OH 44685",Uniontown,OH,î‚°(330) 699-6703
https://s-scpa.com/,Results,"îƒˆ725 Haskins Rd # B, Bowling Green, OH 43402",Bowling Green,OH,î‚°(419) 354-4000
http://aamcfinancial.com/,Results,"îƒˆ5031 OH-305, Fowler, OH 44418",Fowler,OH,î‚°(330) 979-0595
https://johnsontaxandaccounting.com/,Results,"îƒˆ131 E Crawford Ave, Connellsville, PA 15425",Connellsville,PA,î‚°(724) 628-2294
http://smithandbarnes.com/,Results,"îƒˆ41 Johnson Rd, The Plains, OH 45780",The Plains,OH,î‚°(740) 797-4542
http://www.ssco-cpas.com/,Results,"îƒˆ230 Dogwood Dr, Dunbar, PA 15431",Dunbar,PA,î‚°(724) 438-6700
https://www.facebook.com/cpahenderson,Results,"îƒˆ60201 Southgate Rd #300, Byesville, OH 43723",Byesville,OH,î‚°(740) 685-3231
https://www.chessieaccounting.com/,Results,"îƒˆ430 Ray Norrish Dr, Springdale, OH 45246",Springdale,OH,î‚°(513) 882-3530
http://chessieaccounting.com/,Results,"îƒˆ532 Harrison Ave, Harrison, OH 45030",Harrison,OH,î‚°(513) 882-3530
https://www.fredpkreuzercpa.com/,Results,"îƒˆ5 W Wenger Rd Ste F, Englewood, OH 45322",Englewood,OH,î‚°(937) 832-0620
http://www.orchardaccounting.com/,Results,"îƒˆ1535 N River Rd, Fremont, OH 43420",Fremont,OH,î‚°(419) 332-2500
https://apc1040.com/,Results,"îƒˆ2215 E Waterloo Rd Ste 113, Akron, OH 44312",Akron,OH,î‚°(330) 733-1040
http://www.ovats.com/,Results,"îƒˆ113 S Market St, Minerva, OH 44657",Minerva,OH,î‚°(330) 868-5815
https://www.cityofgreen.org/185/Income-Tax,Results,"îƒˆCentral Administration Building, 1755 Town Park Blvd, Uniontown, OH 44685",Uniontown,OH,î‚°(330) 896-6622
http://geribowmancpa.com/,Results,"îƒˆ3808 Mogadore Rd, Mogadore, OH 44260",Mogadore,OH,î‚°(330) 628-0415
http://woodsfieldtax.com/,Results,"îƒˆ132 S Main St, Woodsfield, OH 43793",Woodsfield,OH,î‚°(740) 472-5785
https://www.bonvenutofinancialgroup.com/,Results,"îƒˆ11726 Cleveland Ave NW, Uniontown, OH 44685",Uniontown,OH,î‚°(330) 699-9925
http://www.donohooaccountingservice.com/,Results,"îƒˆ1095 Nimitzview Dr Ste 103, Cincinnati, OH 45230",Cincinnati,OH,î‚°(513) 528-3982
http://protaxtristate.com/,Results,"îƒˆ3536 Central Ave, Middletown, OH 45044",Middletown,OH,î‚°(513) 424-8138
